Store,Item,Price
https://ekip-sport.ru/myachi/myachi-futbolnye/,Футбольный мяч - Ekip Sport,17990.00 ₽
https://ekip-sport.ru/myachi/myachi-futbolnye/,Футбольный мяч - Ekip Sport,19590.00 ₽
https://ekip-sport.ru/myachi/myachi-futbolnye/,Футбольный мяч - Ekip Sport,18990.00 ₽
https://ekip-sport.ru/myachi/myachi-futbolnye/,Футбольный мяч - Ekip Sport,20990.00 ₽
https://ekip-sport.ru/myachi/myachi-futbolnye/,Футбольный мяч - Ekip Sport,15990.00 ₽
https://ekip-sport.ru/myachi/myachi-futbolnye/,Футбольный мяч - Ekip Sport,5490.00 ₽
https://ekip-sport.ru/myachi/myachi-futbolnye/,Футбольный мяч - Ekip Sport,5490.00 ₽
https://ekip-sport.ru/myachi/myachi-futbolnye/,Футбольный мяч - Ekip Sport,6499.00 ₽
https://ekip-sport.ru/myachi/myachi-futbolnye/,Футбольный мяч - Ekip Sport,6990.00 ₽
https://ekip-sport.ru/myachi/myachi-futbolnye/,Футбольный мяч - Ekip Sport,19490.00 ₽
https://ekip-sport.ru/myachi/myachi-futbolnye/,Футбольный мяч - Ekip Sport,3490.00 ₽
https://ekip-sport.ru/myachi/myachi-futbolnye/,Футбольный мяч - Ekip Sport,4190.00 ₽
https://ekip-sport.ru/myachi/myachi-futbolnye/,Футбольный мяч - Ekip Sport,3490.00 ₽
https://ekip-sport.ru/myachi/myachi-futbolnye/,Футбольный мяч - Ekip Sport,3990.00 ₽
https://ekip-sport.ru/myachi/myachi-futbolnye/,Футбольный мяч - Ekip Sport,15989.00 ₽
https://ekip-sport.ru/myachi/myachi-futbolnye/,Футбольный мяч - Ekip Sport,4621.00 ₽
https://ekip-sport.ru/myachi/myachi-futbolnye/,Футбольный мяч - Ekip Sport,6990.00 ₽
https://ekip-sport.ru/myachi/myachi-futbolnye/,Футбольный мяч - Ekip Sport,4990.00 ₽
https://ekip-sport.ru/myachi/myachi-futbolnye/,Футбольный мяч - Ekip Sport,1438.00 ₽
https://ekip-sport.ru/myachi/myachi-futbolnye/,Футбольный мяч - Ekip Sport,19342.00 ₽
https://ekip-sport.ru/myachi/myachi-futbolnye/,Футбольный мяч - Ekip Sport,8990.00 ₽
https://ekip-sport.ru/myachi/myachi-futbolnye/,Футбольный мяч - Ekip Sport,1973.00 ₽
https://ekip-sport.ru/myachi/myachi-futbolnye/,Футбольный мяч - Ekip Sport,4600.00 ₽
https://ekip-sport.ru/myachi/myachi-futbolnye/,Футбольный мяч - Ekip Sport,2296.00 ₽
https://ekip-sport.ru/myachi/myachi-futbolnye/,Футбольный мяч - Ekip Sport,17990.00 ₽
https://ekip-sport.ru/myachi/myachi-futbolnye/,Футбольный мяч - Ekip Sport,19590.00 ₽
https://ekip-sport.ru/myachi/myachi-futbolnye/,Футбольный мяч - Ekip Sport,18990.00 ₽
https://ekip-sport.ru/myachi/myachi-futbolnye/,Футбольный мяч - Ekip Sport,20990.00 ₽
https://ekip-sport.ru/myachi/myachi-futbolnye/,Футбольный мяч - Ekip Sport,15990.00 ₽
https://ekip-sport.ru/myachi/myachi-futbolnye/,Футбольный мяч - Ekip Sport,5490.00 ₽
https://ekip-sport.ru/myachi/myachi-futbolnye/,Футбольный мяч - Ekip Sport,5490.00 ₽
https://ekip-sport.ru/myachi/myachi-futbolnye/,Футбольный мяч - Ekip Sport,6499.00 ₽
https://ekip-sport.ru/myachi/myachi-futbolnye/,Футбольный мяч - Ekip Sport,6990.00 ₽
https://ekip-sport.ru/myachi/myachi-futbolnye/,Футбольный мяч - Ekip Sport,19490.00 ₽
https://ekip-sport.ru/myachi/myachi-futbolnye/,Футбольный мяч - Ekip Sport,3490.00 ₽
https://ekip-sport.ru/myachi/myachi-futbolnye/,Футбольный мяч - Ekip Sport,4190.00 ₽
https://ekip-sport.ru/myachi/myachi-futbolnye/,Футбольный мяч - Ekip Sport,3490.00 ₽
https://ekip-sport.ru/myachi/myachi-futbolnye/,Футбольный мяч - Ekip Sport,3990.00 ₽
https://ekip-sport.ru/myachi/myachi-futbolnye/,Футбольный мяч - Ekip Sport,15989.00 ₽
https://ekip-sport.ru/myachi/myachi-futbolnye/,Футбольный мяч - Ekip Sport,4621.00 ₽
https://ekip-sport.ru/myachi/myachi-futbolnye/,Футбольный мяч - Ekip Sport,6990.00 ₽
https://ekip-sport.ru/myachi/myachi-futbolnye/,Футбольный мяч - Ekip Sport,4990.00 ₽
https://ekip-sport.ru/myachi/myachi-futbolnye/,Футбольный мяч - Ekip Sport,1438.00 ₽
https://ekip-sport.ru/myachi/myachi-futbolnye/,Футбольный мяч - Ekip Sport,19342.00 ₽
https://ekip-sport.ru/myachi/myachi-futbolnye/,Футбольный мяч - Ekip Sport,8990.00 ₽
https://ekip-sport.ru/myachi/myachi-futbolnye/,Футбольный мяч - Ekip Sport,1973.00 ₽
https://ekip-sport.ru/myachi/myachi-futbolnye/,Футбольный мяч - Ekip Sport,4600.00 ₽
https://ekip-sport.ru/myachi/myachi-futbolnye/,Футбольный мяч - Ekip Sport,2296.00 ₽
https://ekip-sport.ru/myachi/myachi-futbolnye/,Футбольный мяч - Ekip Sport,17990.00 ₽
https://ekip-sport.ru/myachi/myachi-futbolnye/,Футбольный мяч - Ekip Sport,19590.00 ₽
https://ekip-sport.ru/myachi/myachi-futbolnye/,Футбольный мяч - Ekip Sport,18990.00 ₽
https://ekip-sport.ru/myachi/myachi-futbolnye/,Футбольный мяч - Ekip Sport,20990.00 ₽
https://ekip-sport.ru/myachi/myachi-futbolnye/,Футбольный мяч - Ekip Sport,15990.00 ₽
https://ekip-sport.ru/myachi/myachi-futbolnye/,Футбольный мяч - Ekip Sport,5490.00 ₽
https://ekip-sport.ru/myachi/myachi-futbolnye/,Футбольный мяч - Ekip Sport,5490.00 ₽
https://ekip-sport.ru/myachi/myachi-futbolnye/,Футбольный мяч - Ekip Sport,6499.00 ₽
https://ekip-sport.ru/myachi/myachi-futbolnye/,Футбольный мяч - Ekip Sport,6990.00 ₽
https://ekip-sport.ru/myachi/myachi-futbolnye/,Футбольный мяч - Ekip Sport,19490.00 ₽
https://ekip-sport.ru/myachi/myachi-futbolnye/,Футбольный мяч - Ekip Sport,3490.00 ₽
https://ekip-sport.ru/myachi/myachi-futbolnye/,Футбольный мяч - Ekip Sport,4190.00 ₽
https://ekip-sport.ru/myachi/myachi-futbolnye/,Футбольный мяч - Ekip Sport,3490.00 ₽
https://ekip-sport.ru/myachi/myachi-futbolnye/,Футбольный мяч - Ekip Sport,3990.00 ₽
https://ekip-sport.ru/myachi/myachi-futbolnye/,Футбольный мяч - Ekip Sport,15989.00 ₽
https://ekip-sport.ru/myachi/myachi-futbolnye/,Футбольный мяч - Ekip Sport,4621.00 ₽
https://ekip-sport.ru/myachi/myachi-futbolnye/,Футбольный мяч - Ekip Sport,6990.00 ₽
https://ekip-sport.ru/myachi/myachi-futbolnye/,Футбольный мяч - Ekip Sport,4990.00 ₽
https://ekip-sport.ru/myachi/myachi-futbolnye/,Футбольный мяч - Ekip Sport,1438.00 ₽
https://ekip-sport.ru/myachi/myachi-futbolnye/,Футбольный мяч - Ekip Sport,19342.00 ₽
https://ekip-sport.ru/myachi/myachi-futbolnye/,Футбольный мяч - Ekip Sport,8990.00 ₽
https://ekip-sport.ru/myachi/myachi-futbolnye/,Футбольный мяч - Ekip Sport,1973.00 ₽
https://ekip-sport.ru/myachi/myachi-futbolnye/,Футбольный мяч - Ekip Sport,4600.00 ₽
https://ekip-sport.ru/myachi/myachi-futbolnye/,Футбольный мяч - Ekip Sport,2296.00 ₽
https://ekip-sport.ru/myachi/myachi-futbolnye/,Футбольный мяч - Ekip Sport,17990.00 ₽
https://ekip-sport.ru/myachi/myachi-futbolnye/,Футбольный мяч - Ekip Sport,19590.00 ₽
https://ekip-sport.ru/myachi/myachi-futbolnye/,Футбольный мяч - Ekip Sport,18990.00 ₽
https://ekip-sport.ru/myachi/myachi-futbolnye/,Футбольный мяч - Ekip Sport,20990.00 ₽
https://ekip-sport.ru/myachi/myachi-futbolnye/,Футбольный мяч - Ekip Sport,15990.00 ₽
https://ekip-sport.ru/myachi/myachi-futbolnye/,Футбольный мяч - Ekip Sport,5490.00 ₽
https://ekip-sport.ru/myachi/myachi-futbolnye/,Футбольный мяч - Ekip Sport,5490.00 ₽
https://ekip-sport.ru/myachi/myachi-futbolnye/,Футбольный мяч - Ekip Sport,6499.00 ₽
https://ekip-sport.ru/myachi/myachi-futbolnye/,Футбольный мяч - Ekip Sport,6990.00 ₽
https://ekip-sport.ru/myachi/myachi-futbolnye/,Футбольный мяч - Ekip Sport,19490.00 ₽
https://ekip-sport.ru/myachi/myachi-futbolnye/,Футбольный мяч - Ekip Sport,3490.00 ₽
https://ekip-sport.ru/myachi/myachi-futbolnye/,Футбольный мяч - Ekip Sport,4190.00 ₽
https://ekip-sport.ru/myachi/myachi-futbolnye/,Футбольный мяч - Ekip Sport,3490.00 ₽
https://ekip-sport.ru/myachi/myachi-futbolnye/,Футбольный мяч - Ekip Sport,3990.00 ₽
https://ekip-sport.ru/myachi/myachi-futbolnye/,Футбольный мяч - Ekip Sport,15989.00 ₽
https://ekip-sport.ru/myachi/myachi-futbolnye/,Футбольный мяч - Ekip Sport,4621.00 ₽
https://ekip-sport.ru/myachi/myachi-futbolnye/,Футбольный мяч - Ekip Sport,6990.00 ₽
https://ekip-sport.ru/myachi/myachi-futbolnye/,Футбольный мяч - Ekip Sport,4990.00 ₽
https://ekip-sport.ru/myachi/myachi-futbolnye/,Футбольный мяч - Ekip Sport,1438.00 ₽
https://ekip-sport.ru/myachi/myachi-futbolnye/,Футбольный мяч - Ekip Sport,19342.00 ₽
https://ekip-sport.ru/myachi/myachi-futbolnye/,Футбольный мяч - Ekip Sport,8990.00 ₽
https://ekip-sport.ru/myachi/myachi-futbolnye/,Футбольный мяч - Ekip Sport,1973.00 ₽
https://ekip-sport.ru/myachi/myachi-futbolnye/,Футбольный мяч - Ekip Sport,4600.00 ₽
https://ekip-sport.ru/myachi/myachi-futbolnye/,Футбольный мяч - Ekip Sport,2296.00 ₽
https://ekip-sport.ru/myachi/myachi-futbolnye/,Футбольный мяч - Ekip Sport,17990.00 ₽
https://ekip-sport.ru/myachi/myachi-futbolnye/,Футбольный мяч - Ekip Sport,19590.00 ₽
https://ekip-sport.ru/myachi/myachi-futbolnye/,Футбольный мяч - Ekip Sport,18990.00 ₽
https://ekip-sport.ru/myachi/myachi-futbolnye/,Футбольный мяч - Ekip Sport,20990.00 ₽
https://ekip-sport.ru/myachi/myachi-futbolnye/,Футбольный мяч - Ekip Sport,15990.00 ₽
https://ekip-sport.ru/myachi/myachi-futbolnye/,Футбольный мяч - Ekip Sport,5490.00 ₽
https://ekip-sport.ru/myachi/myachi-futbolnye/,Футбольный мяч - Ekip Sport,5490.00 ₽
https://ekip-sport.ru/myachi/myachi-futbolnye/,Футбольный мяч - Ekip Sport,6499.00 ₽
https://ekip-sport.ru/myachi/myachi-futbolnye/,Футбольный мяч - Ekip Sport,6990.00 ₽
https://ekip-sport.ru/myachi/myachi-futbolnye/,Футбольный мяч - Ekip Sport,19490.00 ₽
https://ekip-sport.ru/myachi/myachi-futbolnye/,Футбольный мяч - Ekip Sport,3490.00 ₽
https://ekip-sport.ru/myachi/myachi-futbolnye/,Футбольный мяч - Ekip Sport,4190.00 ₽
https://ekip-sport.ru/myachi/myachi-futbolnye/,Футбольный мяч - Ekip Sport,3490.00 ₽
https://ekip-sport.ru/myachi/myachi-futbolnye/,Футбольный мяч - Ekip Sport,3990.00 ₽
https://ekip-sport.ru/myachi/myachi-futbolnye/,Футбольный мяч - Ekip Sport,15989.00 ₽
https://ekip-sport.ru/myachi/myachi-futbolnye/,Футбольный мяч - Ekip Sport,4621.00 ₽
https://ekip-sport.ru/myachi/myachi-futbolnye/,Футбольный мяч - Ekip Sport,6990.00 ₽
https://ekip-sport.ru/myachi/myachi-futbolnye/,Футбольный мяч - Ekip Sport,4990.00 ₽
https://ekip-sport.ru/myachi/myachi-futbolnye/,Футбольный мяч - Ekip Sport,1438.00 ₽
https://ekip-sport.ru/myachi/myachi-futbolnye/,Футбольный мяч - Ekip Sport,19342.00 ₽
https://ekip-sport.ru/myachi/myachi-futbolnye/,Футбольный мяч - Ekip Sport,8990.00 ₽
https://ekip-sport.ru/myachi/myachi-futbolnye/,Футбольный мяч - Ekip Sport,1973.00 ₽
https://ekip-sport.ru/myachi/myachi-futbolnye/,Футбольный мяч - Ekip Sport,4600.00 ₽
https://ekip-sport.ru/myachi/myachi-futbolnye/,Футбольный мяч - Ekip Sport,2296.00 ₽
https://ekip-sport.ru/myachi/myachi-futbolnye/,Футбольный мяч - Ekip Sport,17990.00 ₽
https://ekip-sport.ru/myachi/myachi-futbolnye/,Футбольный мяч - Ekip Sport,19590.00 ₽
https://ekip-sport.ru/myachi/myachi-futbolnye/,Футбольный мяч - Ekip Sport,18990.00 ₽
https://ekip-sport.ru/myachi/myachi-futbolnye/,Футбольный мяч - Ekip Sport,20990.00 ₽
https://ekip-sport.ru/myachi/myachi-futbolnye/,Футбольный мяч - Ekip Sport,15990.00 ₽
https://ekip-sport.ru/myachi/myachi-futbolnye/,Футбольный мяч - Ekip Sport,5490.00 ₽
https://ekip-sport.ru/myachi/myachi-futbolnye/,Футбольный мяч - Ekip Sport,5490.00 ₽
https://ekip-sport.ru/myachi/myachi-futbolnye/,Футбольный мяч - Ekip Sport,6499.00 ₽
https://ekip-sport.ru/myachi/myachi-futbolnye/,Футбольный мяч - Ekip Sport,6990.00 ₽
https://ekip-sport.ru/myachi/myachi-futbolnye/,Футбольный мяч - Ekip Sport,19490.00 ₽
https://ekip-sport.ru/myachi/myachi-futbolnye/,Футбольный мяч - Ekip Sport,3490.00 ₽
https://ekip-sport.ru/myachi/myachi-futbolnye/,Футбольный мяч - Ekip Sport,4190.00 ₽
https://ekip-sport.ru/myachi/myachi-futbolnye/,Футбольный мяч - Ekip Sport,3490.00 ₽
https://ekip-sport.ru/myachi/myachi-futbolnye/,Футбольный мяч - Ekip Sport,3990.00 ₽
https://ekip-sport.ru/myachi/myachi-futbolnye/,Футбольный мяч - Ekip Sport,15989.00 ₽
https://ekip-sport.ru/myachi/myachi-futbolnye/,Футбольный мяч - Ekip Sport,4621.00 ₽
https://ekip-sport.ru/myachi/myachi-futbolnye/,Футбольный мяч - Ekip Sport,6990.00 ₽
https://ekip-sport.ru/myachi/myachi-futbolnye/,Футбольный мяч - Ekip Sport,4990.00 ₽
https://ekip-sport.ru/myachi/myachi-futbolnye/,Футбольный мяч - Ekip Sport,1438.00 ₽
https://ekip-sport.ru/myachi/myachi-futbolnye/,Футбольный мяч - Ekip Sport,19342.00 ₽
https://ekip-sport.ru/myachi/myachi-futbolnye/,Футбольный мяч - Ekip Sport,8990.00 ₽
https://ekip-sport.ru/myachi/myachi-futbolnye/,Футбольный мяч - Ekip Sport,1973.00 ₽
https://ekip-sport.ru/myachi/myachi-futbolnye/,Футбольный мяч - Ekip Sport,4600.00 ₽
https://ekip-sport.ru/myachi/myachi-futbolnye/,Футбольный мяч - Ekip Sport,2296.00 ₽
https://ekip-sport.ru/myachi/myachi-futbolnye/,Футбольный мяч - Ekip Sport,17990.00 ₽
https://ekip-sport.ru/myachi/myachi-futbolnye/,Футбольный мяч - Ekip Sport,19590.00 ₽
https://ekip-sport.ru/myachi/myachi-futbolnye/,Футбольный мяч - Ekip Sport,18990.00 ₽
https://ekip-sport.ru/myachi/myachi-futbolnye/,Футбольный мяч - Ekip Sport,20990.00 ₽
https://ekip-sport.ru/myachi/myachi-futbolnye/,Футбольный мяч - Ekip Sport,15990.00 ₽
https://ekip-sport.ru/myachi/myachi-futbolnye/,Футбольный мяч - Ekip Sport,5490.00 ₽
https://ekip-sport.ru/myachi/myachi-futbolnye/,Футбольный мяч - Ekip Sport,5490.00 ₽
https://ekip-sport.ru/myachi/myachi-futbolnye/,Футбольный мяч - Ekip Sport,6499.00 ₽
https://ekip-sport.ru/myachi/myachi-futbolnye/,Футбольный мяч - Ekip Sport,6990.00 ₽
https://ekip-sport.ru/myachi/myachi-futbolnye/,Футбольный мяч - Ekip Sport,19490.00 ₽
https://ekip-sport.ru/myachi/myachi-futbolnye/,Футбольный мяч - Ekip Sport,3490.00 ₽
https://ekip-sport.ru/myachi/myachi-futbolnye/,Футбольный мяч - Ekip Sport,4190.00 ₽
https://ekip-sport.ru/myachi/myachi-futbolnye/,Футбольный мяч - Ekip Sport,3490.00 ₽
https://ekip-sport.ru/myachi/myachi-futbolnye/,Футбольный мяч - Ekip Sport,3990.00 ₽
https://ekip-sport.ru/myachi/myachi-futbolnye/,Футбольный мяч - Ekip Sport,15989.00 ₽
https://ekip-sport.ru/myachi/myachi-futbolnye/,Футбольный мяч - Ekip Sport,4621.00 ₽
https://ekip-sport.ru/myachi/myachi-futbolnye/,Футбольный мяч - Ekip Sport,6990.00 ₽
https://ekip-sport.ru/myachi/myachi-futbolnye/,Футбольный мяч - Ekip Sport,4990.00 ₽
https://ekip-sport.ru/myachi/myachi-futbolnye/,Футбольный мяч - Ekip Sport,1438.00 ₽
https://ekip-sport.ru/myachi/myachi-futbolnye/,Футбольный мяч - Ekip Sport,19342.00 ₽
https://ekip-sport.ru/myachi/myachi-futbolnye/,Футбольный мяч - Ekip Sport,8990.00 ₽
https://ekip-sport.ru/myachi/myachi-futbolnye/,Футбольный мяч - Ekip Sport,1973.00 ₽
https://ekip-sport.ru/myachi/myachi-futbolnye/,Футбольный мяч - Ekip Sport,4600.00 ₽
https://ekip-sport.ru/myachi/myachi-futbolnye/,Футбольный мяч - Ekip Sport,2296.00 ₽
https://ekip-sport.ru/myachi/myachi-futbolnye/,Футбольный мяч - Ekip Sport,17990.00 ₽
https://ekip-sport.ru/myachi/myachi-futbolnye/,Футбольный мяч - Ekip Sport,19590.00 ₽
https://ekip-sport.ru/myachi/myachi-futbolnye/,Футбольный мяч - Ekip Sport,18990.00 ₽
https://ekip-sport.ru/myachi/myachi-futbolnye/,Футбольный мяч - Ekip Sport,20990.00 ₽
https://ekip-sport.ru/myachi/myachi-futbolnye/,Футбольный мяч - Ekip Sport,15990.00 ₽
https://ekip-sport.ru/myachi/myachi-futbolnye/,Футбольный мяч - Ekip Sport,5490.00 ₽
https://ekip-sport.ru/myachi/myachi-futbolnye/,Футбольный мяч - Ekip Sport,5490.00 ₽
https://ekip-sport.ru/myachi/myachi-futbolnye/,Футбольный мяч - Ekip Sport,6499.00 ₽
https://ekip-sport.ru/myachi/myachi-futbolnye/,Футбольный мяч - Ekip Sport,6990.00 ₽
https://ekip-sport.ru/myachi/myachi-futbolnye/,Футбольный мяч - Ekip Sport,19490.00 ₽
https://ekip-sport.ru/myachi/myachi-futbolnye/,Футбольный мяч - Ekip Sport,3490.00 ₽
https://ekip-sport.ru/myachi/myachi-futbolnye/,Футбольный мяч - Ekip Sport,4190.00 ₽
https://ekip-sport.ru/myachi/myachi-futbolnye/,Футбольный мяч - Ekip Sport,3490.00 ₽
https://ekip-sport.ru/myachi/myachi-futbolnye/,Футбольный мяч - Ekip Sport,3990.00 ₽
https://ekip-sport.ru/myachi/myachi-futbolnye/,Футбольный мяч - Ekip Sport,15989.00 ₽
https://ekip-sport.ru/myachi/myachi-futbolnye/,Футбольный мяч - Ekip Sport,4621.00 ₽
https://ekip-sport.ru/myachi/myachi-futbolnye/,Футбольный мяч - Ekip Sport,6990.00 ₽
https://ekip-sport.ru/myachi/myachi-futbolnye/,Футбольный мяч - Ekip Sport,4990.00 ₽
https://ekip-sport.ru/myachi/myachi-futbolnye/,Футбольный мяч - Ekip Sport,1438.00 ₽
https://ekip-sport.ru/myachi/myachi-futbolnye/,Футбольный мяч - Ekip Sport,19342.00 ₽
https://ekip-sport.ru/myachi/myachi-futbolnye/,Футбольный мяч - Ekip Sport,8990.00 ₽
https://ekip-sport.ru/myachi/myachi-futbolnye/,Футбольный мяч - Ekip Sport,1973.00 ₽
https://ekip-sport.ru/myachi/myachi-futbolnye/,Футбольный мяч - Ekip Sport,4600.00 ₽
https://ekip-sport.ru/myachi/myachi-futbolnye/,Футбольный мяч - Ekip Sport,2296.00 ₽
